Year,Name,Count,Rank
1920,MARY,639,1
1925,MARY,628,2
1921,MARY,626,3
1922,MARY,594,4
1947,MARY,569,5
1924,MARY,563,6
1932,MARY,562,7
1923,MARY,556,8
1946,MARY,554,9
1944,MARY,535,10
1952,MARY,529,11
1931,MARY,525,12
1927,MARY,522,13
1943,MARY,518,14
1930,MARY,517,15
1948,MARY,516,16
1949,MARY,513,17
1928,MARY,511,18
1933,MARY,510,19
1939,MARY,508,20
1936,MARY,506,21
1940,MARY,505,22
1926,MARY,501,23
1937,MARY,501,24
1948,LINDA,498,25
1938,MARY,498,26
1934,MARY,496,27
1942,MARY,496,28
1954,MARY,492,29
1941,MARY,490,30
1935,MARY,485,31
1929,MARY,474,32
1945,MARY,473,33
1947,LINDA,466,34
1951,MARY,464,35
1950,MARY,461,36
1953,MARY,460,37
1955,MARY,448,38
1949,LINDA,434,39
1957,MARY,430,40
1956,MARY,398,41
1959,MARY,393,42
1958,MARY,381,43
1960,MARY,381,44
1961,MARY,379,45
1951,LINDA,350,46
1956,DEBORAH,340,47
1979,AMANDA,333,48
1953,DEBORAH,332,49
1950,LINDA,332,50
1954,DEBORAH,329,51
1962,MARY,322,52
1952,LINDA,308,53
1957,DEBORAH,305,54
1955,DEBORAH,301,55
1963,MARY,300,56
1980,AMANDA,298,57
1936,SHIRLEY,297,58
1935,SHIRLEY,289,59
1976,JENNIFER,287,60
1946,MARGARET,284,61
1982,JENNIFER,282,62
1942,JOAN,282,63
1964,MARY,280,64
1981,JENNIFER,275,65
1983,JENNIFER,269,66
1959,DONNA,266,67
1948,BARBARA,262,68
1953,LINDA,262,69
1958,SUSAN,260,70
1968,LISA,259,71
1954,LINDA,258,72
1975,JENNIFER,254,73
1943,MARGARET,253,74
1984,JENNIFER,251,75
1960,SUSAN,251,76
1980,JENNIFER,249,77
1947,MARGARET,249,78
1959,SUSAN,248,79
1961,SUSAN,248,80
1960,DONNA,246,81
1945,MARGARET,246,82
1940,MARGARET,244,83
1978,JENNIFER,242,84
1967,LISA,240,85
1958,DEBORAH,239,86
1942,MARGARET,239,87
1920,MARGARET,238,88
1946,SHARON,238,89
1969,LISA,236,90
1944,MARGARET,236,91
1981,AMANDA,233,92
1977,JENNIFER,233,93
1979,JENNIFER,231,94
1925,MARGARET,231,95
1926,MARGARET,231,96
1946,LINDA,230,97
1957,SUSAN,230,98
1947,BARBARA,227,99
1949,BARBARA,227,100
1936,MARGARET,227,101
1950,MARGARET,226,102
1962,SUSAN,226,103
1922,MARGARET,225,104
1939,MARGARET,225,105
1955,LINDA,224,106
1937,SHIRLEY,224,107
1947,SHARON,222,108
1956,SUSAN,222,109
1952,DEBORAH,220,110
1958,CATHERINE,218,111
1949,MARGARET,218,112
1974,JENNIFER,217,113
1957,CATHERINE,216,114
1959,CATHERINE,216,115
1985,ASHLEY,214,116
1973,JENNIFER,214,117
1945,JUDITH,214,118
1948,SHARON,214,119
1987,ASHLEY,213,120
1966,KAREN,212,121
1941,MARGARET,211,122
1947,PATRICIA,211,123
1990,JESSICA,210,124
1937,MARGARET,210,125
1938,MARGARET,210,126
1951,MARGARET,210,127
1953,SUSAN,210,128
1961,DEBORAH,209,129
1948,MARGARET,209,130
1966,MARY,209,131
1980,MELISSA,209,132
1964,SUSAN,209,133
1963,KAREN,208,134
1963,SUSAN,208,135
1965,KAREN,207,136
1955,SUSAN,207,137
1938,SHIRLEY,205,138
1991,JESSICA,204,139
1951,DEBORAH,203,140
1924,MARGARET,203,141
1961,DONNA,202,142
1971,LISA,202,143
1921,MARGARET,202,144
1947,DONNA,201,145
1947,JUDITH,201,146
1934,MARGARET,200,147
1952,PATRICIA,200,148
1934,SHIRLEY,200,149
1960,DEBORAH,198,150
1946,JUDITH,198,151
1964,KAREN,198,152
1959,LINDA,198,153
1959,DEBORAH,197,154
1956,LINDA,196,155
1923,MARGARET,196,156
1928,MARGARET,196,157
1956,DONNA,195,158
1957,DONNA,195,159
1936,JOAN,194,160
1965,MARY,194,161
1927,MARGARET,193,162
1955,DONNA,192,163
1933,MARGARET,192,164
1953,MARGARET,192,165
1951,PATRICIA,192,166
1956,CATHERINE,191,167
1986,ASHLEY,190,168
1948,JUDITH,190,169
1988,AMANDA,189,170
1984,ASHLEY,189,171
1970,LISA,189,172
1955,MARGARET,189,173
1954,SUSAN,189,174
1947,SANDRA,188,175
1962,KAREN,187,176
1960,KAREN,186,177
1921,DOROTHY,185,178
1957,KAREN,185,179
1959,KAREN,185,180
1949,SHARON,185,181
1939,SHIRLEY,185,182
1958,LINDA,184,183
1930,MARGARET,184,184
1932,MARGARET,184,185
1949,PATRICIA,184,186
1944,SHARON,184,187
1954,DONNA,183,188
1949,JUDITH,183,189
1953,PATRICIA,183,190
1986,SARAH,183,191
1962,BRENDA,182,192
1951,DONNA,182,193
1972,JENNIFER,182,194
1992,JESSICA,182,195
1952,BARBARA,181,196
1962,CATHERINE,181,197
1935,MARGARET,181,198
1967,MARY,181,199
1955,CATHERINE,180,200
1944,JUDITH,180,201
1931,MARGARET,180,202
1956,PATRICIA,179,203
1963,DONNA,178,204
1950,JUDITH,178,205
1956,MARGARET,178,206
1982,AMANDA,177,207
1952,BRENDA,177,208
1945,CAROL,177,209
1952,MARGARET,177,210
1979,MELISSA,177,211
1946,DONNA,176,212
1949,DONNA,176,213
1953,DONNA,176,214
1958,DONNA,176,215
1952,ELIZABETH,175,216
1985,JENNIFER,175,217
1981,MELISSA,175,218
1961,KAREN,174,219
1929,MARGARET,174,220
1945,SANDRA,174,221
1960,DARLENE,173,222
1964,HEATHER,173,223
1946,PATRICIA,173,224
1945,SHARON,173,225
1952,SUSAN,173,226
1974,TANYA,173,227
1955,PATRICIA,172,228
1920,MARIE,171,229
1943,MARIE,171,230
1948,PATRICIA,171,231
1957,BRENDA,170,232
1953,CATHERINE,170,233
1986,JENNIFER,170,234
1954,MARGARET,170,235
1987,SARAH,170,236
1965,SUSAN,170,237
1985,AMANDA,169,238
1961,CATHERINE,169,239
1939,ELIZABETH,169,240
1993,JESSICA,169,241
1962,DEBORAH,168,242
1962,DONNA,168,243
1948,ELIZABETH,168,244
1960,MARGARET,168,245
1954,PATRICIA,168,246
1950,BRENDA,167,247
1941,JOAN,167,248
1921,MARIE,167,249
1944,PATRICIA,167,250
1983,AMANDA,166,251
1949,BRENDA,166,252
1989,JESSICA,166,253
1953,JUDITH,166,254
1957,MARGARET,166,255
1945,PATRICIA,166,256
1957,PATRICIA,166,257
1942,BARBARA,165,258
1947,CAROL,165,259
1950,DONNA,165,260
1941,ELIZABETH,165,261
1959,HEATHER,165,262
1932,JOAN,165,263
1935,JOAN,165,264
1931,MARIE,165,265
1932,MARIE,165,266
1952,CATHERINE,164,267
1959,DARLENE,164,268
1946,ELIZABETH,164,269
1940,JOAN,164,270
1943,JUDITH,164,271
1957,LINDA,164,272
1966,LISA,164,273
1923,MARIE,164,274
1927,MARIE,164,275
1990,SAMANTHA,164,276
1946,SANDRA,164,277
1989,ASHLEY,163,278
1950,BARBARA,163,279
1942,CAROL,163,280
1961,DARLENE,163,281
1920,DOROTHY,163,282
1933,MARIE,163,283
1958,PATRICIA,163,284
1988,ASHLEY,162,285
1942,MARILYN,162,286
1982,SARAH,162,287
1988,SARAH,162,288
1954,CATHERINE,161,289
1971,JENNIFER,161,290
1933,JOAN,161,291
1937,MARIE,161,292
1960,CATHERINE,160,293
1965,LISA,160,294
1973,MICHELLE,160,295
1958,MARGARET,159,296
1934,MARIE,159,297
1933,SHIRLEY,159,298
1920,ANNIE,158,299
1958,DARLENE,157,300
1953,ELIZABETH,157,301
1954,ELIZABETH,157,302
1967,KAREN,157,303
1960,LINDA,156,304
1922,MARIE,156,305
1938,MARIE,156,306
1944,MARIE,156,307
1975,TANYA,156,308
1947,ELIZABETH,155,309
1963,HEATHER,155,310
1945,LINDA,155,311
1928,MARIE,155,312
1989,SAMANTHA,155,313
1951,SHARON,155,314
1951,BARBARA,154,315
1952,DONNA,154,316
1958,KAREN,154,317
1972,LISA,154,318
1924,MARIE,154,319
1941,MARIE,154,320
1942,MARIE,154,321
1942,SHIRLEY,154,322
1984,AMANDA,153,323
1983,ASHLEY,153,324
1954,BARBARA,153,325
1937,JOAN,153,326
1939,JOAN,153,327
1943,PATRICIA,153,328
1950,SHARON,153,329
1943,CAROL,152,330
1950,DEBORAH,152,331
1922,DOROTHY,152,332
1920,HELEN,152,333
1925,HELEN,152,334
1961,LINDA,152,335
1946,BARBARA,151,336
1929,MARIE,151,337
1972,MICHELLE,151,338
1950,PATRICIA,151,339
1964,PATRICIA,151,340
1946,CAROL,150,341
1948,DONNA,150,342
1940,ELIZABETH,150,343
1951,ELIZABETH,150,344
1961,HEATHER,150,345
1988,JESSICA,150,346
1994,JESSICA,150,347
1936,MARIE,150,348
1982,MELISSA,150,349
1959,PATRICIA,150,350
1955,SHARON,150,351
1955,ELIZABETH,149,352
1962,HEATHER,149,353
1934,JOAN,149,354
1959,MARGARET,149,355
1974,MICHELLE,149,356
1961,PATRICIA,149,357
1962,PATRICIA,149,358
1980,SARAH,149,359
1987,AMANDA,148,360
1963,BRENDA,148,361
1941,CAROL,148,362
1923,DOROTHY,148,363
1926,MARIE,148,364
1955,BARBARA,147,365
1944,CAROL,147,366
1964,CATHERINE,147,367
1937,ELIZABETH,147,368
1956,KAREN,147,369
1944,LINDA,147,370
1983,SARAH,147,371
1921,HELEN,146,372
1938,JOAN,146,373
1948,SANDRA,146,374
1963,DEBORAH,145,375
1945,ELIZABETH,145,376
1940,MARIE,145,377
1939,BARBARA,144,378
1965,HEATHER,144,379
1961,BRENDA,143,380
1964,DONNA,143,381
1931,DOROTHY,143,382
1943,ELIZABETH,143,383
1970,MARY,143,384
1959,NANCY,143,385
1963,SANDRA,143,386
1971,TAMMY,143,387
1973,TANYA,143,388
1955,DEBRA,142,389
1960,HEATHER,142,390
1930,MARIE,142,391
1935,MARIE,142,392
1956,BRENDA,141,393
1942,ELIZABETH,141,394
1957,HEATHER,141,395
1987,JENNIFER,141,396
1976,LISA,141,397
1932,SHIRLEY,141,398
1944,SHIRLEY,141,399
1967,ANGELA,140,400
1932,ELIZABETH,140,401
2004,EMMA,140,402
1928,HELEN,140,403
1956,NANCY,140,404
1987,NICOLE,140,405
1943,SHARON,140,406
1978,ANGELA,139,407
1925,DOROTHY,139,408
1949,ELIZABETH,139,409
2003,EMMA,139,410
1952,JUDITH,139,411
1944,SANDRA,139,412
1956,SHARON,139,413
1931,SHIRLEY,139,414
1951,SUSAN,139,415
1976,ANGELA,138,416
1959,BRENDA,138,417
1922,HELEN,138,418
1984,MELISSA,138,419
1955,NANCY,138,420
1942,PATRICIA,138,421
1945,SHIRLEY,138,422
1966,SUSAN,138,423
1971,TRACY,138,424
1971,ANGELA,137,425
1953,BRENDA,137,426
1983,MELISSA,137,427
1971,MICHELLE,137,428
1943,SANDRA,137,429
1930,SHIRLEY,137,430
1938,BARBARA,136,431
1924,DOROTHY,136,432
1994,EMILY,136,433
1955,HEATHER,136,434
1946,JOAN,136,435
1978,MELISSA,136,436
1970,MICHELLE,136,437
1976,TANYA,136,438
1963,CATHERINE,135,439
1957,CYNTHIA,135,440
1944,ELIZABETH,135,441
1957,ELIZABETH,135,442
1926,HELEN,135,443
1970,JENNIFER,135,444
1987,JESSICA,135,445
1955,KAREN,135,446
1925,MARIE,135,447
1939,MARIE,135,448
1960,PATRICIA,135,449
1954,SHARON,135,450
1956,BARBARA,134,451
1948,CAROL,134,452
1949,CAROL,134,453
1974,LISA,134,454
1954,NANCY,134,455
1941,PATRICIA,134,456
1943,BARBARA,133,457
1957,BARBARA,133,458
1962,DARLENE,133,459
1943,DONNA,133,460
1946,MARIE,133,461
1958,NANCY,133,462
1962,SANDRA,133,463
1981,SARAH,133,464
1940,SHIRLEY,133,465
1946,SHIRLEY,133,466
1953,BARBARA,132,467
1945,DONNA,132,468
1958,HEATHER,132,469
1945,MARIE,132,470
1974,TAMMY,132,471
1970,ANGELA,131,472
1977,ANGELA,131,473
1930,DOROTHY,131,474
1938,ELIZABETH,131,475
1961,ELIZABETH,131,476
1954,JUDITH,131,477
1973,LISA,131,478
1989,AMANDA,130,479
1990,ASHLEY,130,480
1934,BARBARA,130,481
1941,BARBARA,130,482
1950,ELIZABETH,130,483
1960,NANCY,130,484
1950,SANDRA,130,485
1970,TAMMY,130,486
1940,BARBARA,129,487
1944,BARBARA,129,488
1951,BRENDA,129,489
1960,BRENDA,129,490
1951,CATHERINE,129,491
1927,DOROTHY,129,492
1956,HEATHER,129,493
1927,HELEN,129,494
1930,HELEN,129,495
1951,JUDITH,129,496
1947,MARIE,129,497
1986,AMANDA,128,498
1924,ANNIE,128,499
1954,BRENDA,128,500
1965,DONNA,128,501
1931,HELEN,128,502
1942,JUDITH,128,503
1978,LISA,128,504
1949,SANDRA,128,505
1985,SARAH,128,506
1972,TAMMY,128,507
1970,TRACY,128,508
1945,BARBARA,127,509
1964,BRENDA,127,510
1964,DEBORAH,127,511
1965,DEBORAH,127,512
1958,DEBRA,127,513
1936,ELIZABETH,127,514
1953,HEATHER,127,515
1961,MARGARET,127,516
1978,AMANDA,126,517
1921,ANNIE,126,518
1923,HELEN,126,519
1943,MARILYN,126,520
1957,NANCY,126,521
1961,NANCY,126,522
1959,SANDRA,126,523
1975,ANGELA,125,524
1958,BRENDA,125,525
1944,DONNA,125,526
1968,KAREN,125,527
1971,KAREN,125,528
1962,LINDA,125,529
1966,PATRICIA,125,530
1961,SANDRA,125,531
1952,SHARON,125,532
1953,SHARON,125,533
1967,SUSAN,125,534
1968,ANGELA,124,535
2001,EMILY,124,536
1924,HELEN,124,537
1924,JEAN,124,538
1941,MARILYN,124,539
1943,SHIRLEY,124,540
1973,TAMMY,124,541
1991,ASHLEY,123,542
1946,CATHERINE,123,543
1956,ELIZABETH,123,544
1931,JOAN,123,545
1943,JOAN,123,546
1969,MARY,123,547
1941,SHIRLEY,123,548
1922,ANNIE,122,549
1935,BARBARA,122,550
1951,CAROL,122,551
1926,DOROTHY,122,552
1993,EMILY,122,553
1999,EMILY,122,554
1999,EMMA,122,555
1929,HELEN,122,556
1985,LAURA,122,557
1953,NANCY,122,558
1963,PATRICIA,122,559
1965,PATRICIA,122,560
1960,SANDRA,122,561
1984,SARAH,122,562
1995,SARAH,122,563
1973,ANGELA,121,564
1992,BRITTANY,121,565
1950,CATHERINE,121,566
1996,EMILY,121,567
2002,EMILY,121,568
2002,EMMA,121,569
1923,JEAN,121,570
1928,JEAN,121,571
1986,JESSICA,121,572
1945,JOAN,121,573
1971,KELLY,121,574
1969,MICHELLE,121,575
1985,NICOLE,121,576
1975,TAMMY,121,577
1972,ANGELA,120,578
1958,ELIZABETH,120,579
1954,JANET,120,580
1947,JOAN,120,581
1940,PATRICIA,120,582
1967,PATRICIA,120,583
1929,SHIRLEY,120,584
1990,BRITTANY,119,585
1957,DEBRA,119,586
1959,ELIZABETH,119,587
1963,NANCY,119,588
1989,SARAH,119,589
1960,BARBARA,118,590
1950,CAROL,118,591
1962,CHERYL,118,592
1952,NANCY,118,593
1942,SANDRA,118,594
1990,SARAH,118,595
1928,SHIRLEY,118,596
1989,BRITTANY,117,597
1975,LISA,117,598
1992,SAMANTHA,117,599
1992,SARAH,117,600
1993,SARAH,117,601
1968,SUSAN,117,602
1981,AMY,116,603
1928,ANNIE,116,604
1992,ASHLEY,116,605
1954,CAROL,116,606
1947,CATHERINE,116,607
1935,ELIZABETH,116,608
2000,EMILY,116,609
1985,JESSICA,116,610
1962,MARGARET,116,611
1986,NICOLE,116,612
1947,SHIRLEY,116,613
1974,ANGELA,115,614
1971,HEATHER,115,615
1935,HELEN,115,616
1954,KAREN,115,617
1968,MARY,115,618
1950,NANCY,115,619
1964,SANDRA,115,620
1949,SHIRLEY,115,621
1991,BRITTANY,114,622
1966,DONNA,114,623
1995,EMILY,114,624
1929,JEAN,114,625
1953,KAREN,114,626
1985,MELISSA,114,627
1979,ANGELA,113,628
1948,BRENDA,113,629
1955,BRENDA,113,630
1933,ELIZABETH,113,631
1962,ELIZABETH,113,632
1963,ELIZABETH,113,633
1934,HELEN,113,634
1925,JEAN,113,635
1949,SUSAN,113,636
1962,WENDY,113,637
1948,CATHERINE,112,638
1949,CATHERINE,112,639
1996,JESSICA,112,640
1944,JOAN,112,641
1967,KIMBERLY,112,642
1951,MARIE,112,643
1940,MARILYN,112,644
1968,MICHELLE,112,645
1977,TANYA,112,646
1980,AMY,111,647
1960,CHERYL,111,648
1929,DOROTHY,111,649
1954,HEATHER,111,650
1933,HELEN,111,651
1936,HELEN,111,652
1938,HELEN,111,653
1958,SHARON,111,654
1950,SHIRLEY,111,655
1925,ANNIE,110,656
1963,DARLENE,110,657
1964,DARLENE,110,658
1995,JESSICA,110,659
1970,KAREN,110,660
1960,SHARON,110,661
1992,EMILY,109,662
2001,MADISON,109,663
1948,NANCY,109,664
1949,NANCY,109,665
1988,NICOLE,109,666
1991,SAMANTHA,109,667
1923,ANNIE,108,668
1933,BARBARA,108,669
1944,CAROLYN,108,670
1926,ELIZABETH,108,671
1970,KIMBERLY,108,672
1954,MARIE,108,673
1956,SANDRA,108,674
1950,SUSAN,108,675
1981,ANGELA,107,676
1927,ANNIE,107,677
1937,BARBARA,107,678
1953,CAROL,107,679
1965,CATHERINE,107,680
1959,CHERYL,107,681
1957,JANET,107,682
1960,JANET,107,683
1921,JEAN,107,684
1985,MEGAN,107,685
1962,NANCY,107,686
1978,SARAH,107,687
1991,SARAH,107,688
1959,SHARON,107,689
1973,TRACY,107,690
1929,ANNIE,106,691
1952,CAROL,106,692
1935,DOROTHY,106,693
2001,EMMA,106,694
1921,FLORENCE,106,695
1966,HEATHER,106,696
1958,JANET,106,697
1959,JANET,106,698
1920,JEAN,106,699
1936,JEAN,106,700
1948,JOAN,106,701
1948,MARIE,106,702
1953,SANDRA,106,703
1957,SHARON,106,704
1948,SHIRLEY,106,705
1990,AMANDA,105,706
1932,BARBARA,105,707
1944,CATHERINE,105,708
1958,CHERYL,105,709
1956,DEBRA,105,710
1932,DOROTHY,105,711
1920,ELIZABETH,105,712
1998,EMILY,105,713
1937,HELEN,105,714
1939,HELEN,105,715
1930,JEAN,105,716
1966,KIMBERLY,105,717
1943,LINDA,105,718
1986,MELISSA,105,719
1976,MICHELLE,105,720
1978,MICHELLE,105,721
1980,MICHELLE,105,722
1971,TANYA,105,723
1979,AMY,104,724
1969,ANGELA,104,725
1953,ANNE,104,726
1946,CAROLYN,104,727
1961,CHERYL,104,728
1964,CHERYL,104,729
1928,DOROTHY,104,730
1969,HEATHER,104,731
1973,HEATHER,104,732
1991,KAYLA,104,733
1972,KELLY,104,734
1987,LAURA,104,735
1964,MARGARET,104,736
1946,MARILYN,104,737
1965,NANCY,104,738
1984,NICOLE,104,739
1961,SHARON,104,740
1966,ANGELA,103,741
1926,ANNIE,103,742
1944,HELEN,103,743
1952,KAREN,103,744
1944,MARILYN,103,745
1986,MEGAN,103,746
1962,PAMELA,103,747
1993,BRITTANY,102,748
1927,CATHERINE,102,749
1942,DONNA,102,750
1930,ELIZABETH,102,751
2000,HANNAH,102,752
1931,JEAN,102,753
1983,JESSICA,102,754
1963,MARGARET,102,755
1951,SANDRA,102,756
1954,SANDRA,102,757
1963,SHARON,102,758
1978,AMY,101,759
1936,CATHERINE,101,760
1940,CATHERINE,101,761
1956,DARLENE,101,762
1929,ELIZABETH,101,763
2005,EMMA,101,764
1968,HEATHER,101,765
1934,JEAN,101,766
1970,KELLY,101,767
1963,LINDA,101,768
1950,MARIE,101,769
1928,MARION,101,770
1957,SANDRA,101,771
1972,TANYA,101,772
1955,WENDY,101,773
1965,ANGELA,100,774
1922,CATHERINE,100,775
1938,CATHERINE,100,776
1961,CYNTHIA,100,777
1933,DOROTHY,100,778
1921,ELIZABETH,100,779
1927,ELIZABETH,100,780
1931,ELIZABETH,100,781
1967,HEATHER,100,782
1927,JEAN,100,783
1955,MARILYN,100,784
1987,MEGAN,100,785
1960,WENDY,100,786
1958,BARBARA,99,787
1965,BRENDA,99,788
1960,ELIZABETH,99,789
1964,LISA,99,790
1964,NANCY,99,791
1962,SHARON,99,792
1927,SHIRLEY,99,793
1976,TAMMY,99,794
1952,ANNE,98,795
1962,CAROL,98,796
1928,FLORENCE,98,797
1952,HEATHER,98,798
1963,JANET,98,799
1984,JESSICA,98,800
1988,LAURA,98,801
1957,MARIE,98,802
1939,PATRICIA,98,803
1998,SARAH,98,804
1959,WENDY,98,805
1961,WENDY,98,806
1931,ANNIE,97,807
1994,ASHLEY,97,808
1940,CAROL,97,809
1928,CATHERINE,97,810
1922,ELIZABETH,97,811
1948,HEATHER,97,812
1951,JANET,97,813
1953,JANET,97,814
1955,JANET,97,815
1961,JANET,97,816
1969,KAREN,97,817
1973,KELLY,97,818
1984,LAURA,97,819
2002,MADISON,97,820
1949,MARIE,97,821
1993,SAMANTHA,97,822
1965,SANDRA,97,823
1986,STEPHANIE,97,824
1983,AMY,96,825
1993,ASHLEY,96,826
1947,BRENDA,96,827
1963,CHERYL,96,828
1965,CHERYL,96,829
1922,DORIS,96,830
1991,EMILY,96,831
1956,JANET,96,832
1942,JEAN,96,833
1990,JENNIFER,96,834
1955,MARIE,96,835
1956,MARIE,96,836
1931,MARION,96,837
1964,PAULA,96,838
1994,SARAH,96,839
1982,ANGELA,95,840
1936,BARBARA,95,841
1967,CATHERINE,95,842
1959,CYNTHIA,95,843
1926,JEAN,95,844
1938,JEAN,95,845
1969,JENNIFER,95,846
1986,LAURA,95,847
1979,LISA,95,848
1922,RUTH,95,849
1941,SANDRA,95,850
1966,SANDRA,95,851
1978,TANYA,95,852
1963,ANGELA,94,853
1997,EMILY,94,854
1920,FLORENCE,94,855
1945,GLORIA,94,856
1943,HELEN,94,857
1947,HELEN,94,858
1952,JANET,94,859
1941,JEAN,94,860
1949,JOAN,94,861
1969,TAMMY,94,862
1963,WANDA,94,863
1977,AMANDA,93,864
1947,CAROLYN,93,865
1966,CATHERINE,93,866
1998,EMMA,93,867
1932,HELEN,93,868
1940,JEAN,93,869
1964,LINDA,93,870
1966,MARGARET,93,871
1987,MELISSA,93,872
1988,MELISSA,93,873
1947,NANCY,93,874
1989,NICOLE,93,875
1992,REBECCA,93,876
1996,SARAH,93,877
1974,TRACY,93,878
1980,ANGELA,92,879
1951,ANNE,92,880
1958,CYNTHIA,92,881
1965,ELIZABETH,92,882
1972,HEATHER,92,883
1942,HELEN,92,884
1989,JENNIFER,92,885
1971,MARY,92,886
1977,MICHELLE,92,887
1970,PATRICIA,92,888
1952,SHIRLEY,92,889
1982,STEPHANIE,92,890
1964,WANDA,92,891
1964,BARBARA,91,892
1926,CATHERINE,91,893
1933,CATHERINE,91,894
1939,CATHERINE,91,895
1941,CATHERINE,91,896
1967,DONNA,91,897
1936,DOROTHY,91,898
1941,HELEN,91,899
1933,JEAN,91,900
1977,LISA,91,901
1947,MARILYN,91,902
1990,NICOLE,91,903
1964,SHARON,91,904
1988,STEPHANIE,91,905
1948,CAROLYN,90,906
1942,CATHERINE,90,907
1949,DEBORAH,90,908
1922,FLORENCE,90,909
1946,HELEN,90,910
1950,HELEN,90,911
1950,JANET,90,912
1939,JEAN,90,913
1980,LISA,90,914
1945,MARILYN,90,915
1977,MELISSA,90,916
1993,REBECCA,90,917
1965,WENDY,90,918
1984,AMY,89,919
1946,ANNE,89,920
1931,CATHERINE,89,921
2000,EMMA,89,922
1980,ERIN,89,923
1925,FLORENCE,89,924
1999,HANNAH,89,925
1970,HEATHER,89,926
1974,HEATHER,89,927
1937,JEAN,89,928
1997,JESSICA,89,929
1941,JUDITH,89,930
1969,KIMBERLY,89,931
1965,MARGARET,89,932
1921,MARION,89,933
1972,MARY,89,934
1975,MICHELLE,89,935
1972,NICOLE,89,936
1968,PATRICIA,89,937
1979,SARAH,89,938
1985,STEPHANIE,89,939
1930,ANNIE,88,940
1939,CAROL,88,941
1945,CAROLYN,88,942
1934,DOROTHY,88,943
1941,GLORIA,88,944
1935,JEAN,88,945
1972,KAREN,88,946
1989,KAYLA,88,947
1968,KELLY,88,948
1974,KELLY,88,949
2004,MADISON,88,950
1926,MARION,88,951
1972,TRACY,88,952
1930,CATHERINE,87,953
1934,CATHERINE,87,954
1940,DOROTHY,87,955
1934,ELIZABETH,87,956
1978,KELLY,87,957
1948,MARILYN,87,958
1920,RUTH,87,959
1946,ANN,86,960
1938,CAROL,86,961
1932,CATHERINE,86,962
1982,CRYSTAL,86,963
1946,DIANE,86,964
1923,ELIZABETH,86,965
1981,ERIN,86,966
1923,FLORENCE,86,967
1988,JENNIFER,86,968
1993,KELSEY,86,969
1989,MELISSA,86,970
1969,PATRICIA,86,971
1946,SHEILA,86,972
1991,STEPHANIE,86,973
1994,BRITTANY,85,974
1943,CATHERINE,85,975
1938,DOROTHY,85,976
2007,EMMA,85,977
1982,ERIN,85,978
2001,HANNAH,85,979
1975,HEATHER,85,980
1932,JEAN,85,981
1927,MARION,85,982
1930,MARION,85,983
1934,MARION,85,984
1925,MARJORIE,85,985
1981,MICHELLE,85,986
1951,NANCY,85,987
1977,SARAH,85,988
1999,TAYLOR,85,989
1977,AMY,84,990
1995,ASHLEY,84,991
1920,CATHERINE,84,992
1925,CATHERINE,84,993
1927,FLORENCE,84,994
1978,HEATHER,84,995
1945,JEAN,84,996
2003,MADISON,84,997
1990,MEGAN,84,998
1991,MEGAN,84,999
1967,NANCY,84,1000
1975,TRACY,84,1001
1945,CATHERINE,83,1002
1983,CRYSTAL,83,1003
1965,DARLENE,83,1004
1943,DIANE,83,1005
2004,EMILY,83,1006
1983,ERIN,83,1007
1973,KAREN,83,1008
1983,NICOLE,83,1009
1923,RUTH,83,1010
1988,SAMANTHA,83,1011
1967,SANDRA,83,1012
1942,SHARON,83,1013
1985,AMY,82,1014
1951,ANN,82,1015
1921,CATHERINE,82,1016
1930,FLORENCE,82,1017
1949,HEATHER,82,1018
1951,HEATHER,82,1019
1994,KELSEY,82,1020
1924,MARION,82,1021
1996,SAMANTHA,82,1022
1970,SUSAN,82,1023
1991,AMANDA,81,1024
1982,AMY,81,1025
1983,ANGELA,81,1026
1988,BRITTANY,81,1027
1920,DORIS,81,1028
1921,DORIS,81,1029
1939,DOROTHY,81,1030
1989,EMILY,81,1031
1943,GLORIA,81,1032
1940,HELEN,81,1033
1922,JEAN,81,1034
1933,JOYCE,81,1035
1968,SANDRA,81,1036
1921,ALICE,80,1037
1992,AMANDA,80,1038
1989,COURTNEY,80,1039
1968,DONNA,80,1040
1928,DORIS,80,1041
1941,DOROTHY,80,1042
1945,DOROTHY,80,1043
1943,KAREN,80,1044
1990,KAYLA,80,1045
1977,KELLY,80,1046
2000,MADISON,80,1047
1989,MEGAN,80,1048
1975,NICOLE,80,1049
1969,DONNA,79,1050
2003,EMILY,79,1051
1980,HEATHER,79,1052
1971,KIMBERLY,79,1053
1981,LISA,79,1054
1925,MARION,79,1055
1921,MILDRED,79,1056
1965,PAULA,79,1057
1928,RUTH,79,1058
1997,SARAH,79,1059
1920,ALICE,78,1060
1924,CATHERINE,78,1061
1944,DIANE,78,1062
1932,DORIS,78,1063
1920,EDITH,78,1064
1976,HEATHER,78,1065
1965,JANICE,78,1066
1992,JENNA,78,1067
1968,JENNIFER,78,1068
1930,JOAN,78,1069
1972,KIMBERLY,78,1070
1988,MEGAN,78,1071
1979,MICHELLE,78,1072
1944,NANCY,78,1073
1987,STEPHANIE,78,1074
1969,SUSAN,78,1075
1926,ALICE,77,1076
1995,BRITTANY,77,1077
1937,CATHERINE,77,1078
1925,ELIZABETH,77,1079
2007,EMILY,77,1080
1978,ERIN,77,1081
1997,HANNAH,77,1082
1977,HEATHER,77,1083
1982,LAURA,77,1084
1982,MICHELLE,77,1085
1973,NICOLE,77,1086
1996,REBECCA,77,1087
1994,SAMANTHA,77,1088
1970,TANYA,77,1089
1924,DORIS,76,1090
1927,DORIS,76,1091
1929,DORIS,76,1092
1990,EMILY,76,1093
1984,ERIN,76,1094
1924,FLORENCE,76,1095
2003,HANNAH,76,1096
1991,JENNA,76,1097
1968,KIMBERLY,76,1098
1922,MARION,76,1099
1929,MARION,76,1100
1941,MARION,76,1101
1995,MEGAN,76,1102
1983,MICHELLE,76,1103
1938,PATRICIA,76,1104
1972,PATRICIA,76,1105
2000,SARAH,76,1106
1995,TAYLOR,76,1107
1970,TRACEY,76,1108
1987,AMY,75,1109
1988,DANIELLE,75,1110
1925,DORIS,75,1111
1926,DORIS,75,1112
2009,EMMA,75,1113
1926,FLORENCE,75,1114
1931,FLORENCE,75,1115
1998,HANNAH,75,1116
1990,LAURA,75,1117
1933,MARION,75,1118
1921,MARJORIE,75,1119
1992,MEGAN,75,1120
1994,MEGAN,75,1121
1976,SHANNON,75,1122
1925,SHIRLEY,75,1123
1984,STEPHANIE,75,1124
1923,CATHERINE,74,1125
1981,CRYSTAL,74,1126
1967,DARLENE,74,1127
1931,DORIS,74,1128
1942,DOROTHY,74,1129
1934,FLORENCE,74,1130
1936,FLORENCE,74,1131
1984,HOLLY,74,1132
1932,JOYCE,74,1133
1969,KELLY,74,1134
1966,KIMBERLEY,74,1135
1979,LAURA,74,1136
1983,LAURA,74,1137
1968,MARGARET,74,1138
1926,MARJORIE,74,1139
1992,NICOLE,74,1140
2013,OLIVIA,74,1141
1929,RUTH,74,1142
1966,SHARON,74,1143
1990,STEPHANIE,74,1144
1934,ANNIE,73,1145
1929,CATHERINE,73,1146
1935,CATHERINE,73,1147
1969,CATHERINE,73,1148
1992,CHELSEA,73,1149
1966,CHERYL,73,1150
1966,DEBORAH,73,1151
1937,DOROTHY,73,1152
1979,ERIN,73,1153
1933,FLORENCE,73,1154
1979,HEATHER,73,1155
1998,JESSICA,73,1156
1968,KIMBERLEY,73,1157
1969,KIMBERLEY,73,1158
1975,KIMBERLY,73,1159
1982,NICOLE,73,1160
1983,STEPHANIE,73,1161
1966,WENDY,73,1162
1942,ANN,72,1163
1968,CATHERINE,72,1164
1967,CHERYL,72,1165
1984,CRYSTAL,72,1166
2006,EMMA,72,1167
2011,EMMA,72,1168
1926,EVELYN,72,1169
1932,FLORENCE,72,1170
1938,FLORENCE,72,1171
1942,GLORIA,72,1172
1996,HANNAH,72,1173
1934,JOYCE,72,1174
1975,KAREN,72,1175
1976,KAREN,72,1176
1923,MARJORIE,72,1177
1974,NICOLE,72,1178
1995,SAMANTHA,72,1179
1968,TAMMY,72,1180
1980,TARA,72,1181
1976,TRACY,72,1182
1925,ALICE,71,1183
1931,BARBARA,71,1184
1967,DEBORAH,71,1185
1924,ELIZABETH,71,1186
1966,ELIZABETH,71,1187
1997,EMMA,71,1188
1992,KAYLA,71,1189
1990,MELISSA,71,1190
1921,MURIEL,71,1191
1991,NICOLE,71,1192
2001,OLIVIA,71,1193
1973,PATRICIA,71,1194
1993,TAYLOR,71,1195
1976,AMANDA,70,1196
1982,ASHLEY,70,1197
1966,BRENDA,70,1198
1986,BRITTANY,70,1199
1990,COURTNEY,70,1200
1923,DORIS,70,1201
1991,JENNIFER,70,1202
1936,JOYCE,70,1203
1967,KELLY,70,1204
1967,KIMBERLEY,70,1205
1973,KIMBERLY,70,1206
1991,LAURA,70,1207
1921,LILLIAN,70,1208
2005,MADISON,70,1209
1921,RUTH,70,1210
1925,RUTH,70,1211
1967,SHELLEY,70,1212
1967,SHERRY,70,1213
1931,ALICE,69,1214
1969,BRENDA,69,1215
1930,DORIS,69,1216
1923,EVELYN,69,1217
2002,HANNAH,69,1218
1922,KATHLEEN,69,1219
1980,KELLY,69,1220
1992,KELSEY,69,1221
1970,KIMBERLEY,69,1222
1999,MADISON,69,1223
1924,MARJORIE,69,1224
1997,MEGAN,69,1225
1991,MELISSA,69,1226
1922,MURIEL,69,1227
1976,NICOLE,69,1228
1931,RUTH,69,1229
1998,TAYLOR,69,1230
1927,THERESA,69,1231
1933,ANNA,68,1232
1967,BRENDA,68,1233
1977,CRYSTAL,68,1234
1921,EDITH,68,1235
1922,EDITH,68,1236
1990,KATHERINE,68,1237
1989,LAURA,68,1238
1927,MARJORIE,68,1239
1975,MELANIE,68,1240
1978,MELANIE,68,1241
1966,MICHELE,68,1242
1974,NATASHA,68,1243
1994,NICOLE,68,1244
2011,OLIVIA,68,1245
1991,REBECCA,68,1246
1969,SHELLEY,68,1247
1973,STEPHANIE,68,1248
1981,STEPHANIE,68,1249
1989,STEPHANIE,68,1250
1971,SUSAN,68,1251
1972,SUSAN,68,1252
1978,TARA,68,1253
1996,TAYLOR,68,1254
1972,TRACEY,68,1255
1986,AMY,67,1256
2007,AVA,67,1257
2008,AVA,67,1258
1930,BARBARA,67,1259
1991,COURTNEY,67,1260
1937,FLORENCE,67,1261
1926,FRANCES,67,1262
2000,JESSICA,67,1263
1930,JOYCE,67,1264
1979,KELLY,67,1265
1980,LAURA,67,1266
1922,LILLIAN,67,1267
1923,LILLIAN,67,1268
2006,MADISON,67,1269
1936,MARION,67,1270
1976,MELANIE,67,1271
1920,MURIEL,67,1272
1968,NANCY,67,1273
1980,NICOLE,67,1274
2007,OLIVIA,67,1275
1969,PAMELA,67,1276
1930,RUTH,67,1277
1987,SAMANTHA,67,1278
1972,SHELLEY,67,1279
1926,SHIRLEY,67,1280
1997,TAYLOR,67,1281
1941,ANN,66,1282
1932,ANNIE,66,1283
1933,ANNIE,66,1284
1931,AUDREY,66,1285
1928,ELIZABETH,66,1286
1921,EVELYN,66,1287
1929,FRANCES,66,1288
1920,HAZEL,66,1289
1982,HEATHER,66,1290
1929,JOAN,66,1291
1935,JOYCE,66,1292
1975,KELLY,66,1293
1974,KIMBERLY,66,1294
1925,LILLIAN,66,1295
1923,MARION,66,1296
1939,MARION,66,1297
1986,MICHELLE,66,1298
1975,NANCY,66,1299
1974,PATRICIA,66,1300
1924,RUTH,66,1301
1936,RUTH,66,1302
1930,ANNA,65,1303
1936,ANNIE,65,1304
2006,AVA,65,1305
2011,AVA,65,1306
1996,COURTNEY,65,1307
1978,CRYSTAL,65,1308
1941,DONNA,65,1309
1970,DONNA,65,1310
1933,DORIS,65,1311
1940,FLORENCE,65,1312
1982,LINDSAY,65,1313
1983,LINDSAY,65,1314
1920,MARJORIE,65,1315
1930,MARJORIE,65,1316
1976,MARY,65,1317
1976,MELISSA,65,1318
2002,OLIVIA,65,1319
2005,OLIVIA,65,1320
2006,OLIVIA,65,1321
2008,OLIVIA,65,1322
1937,PATRICIA,65,1323
1994,REBECCA,65,1324
1932,RUTH,65,1325
1999,SARAH,65,1326
1977,TAMMY,65,1327
1969,TANYA,65,1328
2005,EMILY,64,1329
2014,EMMA,64,1330
2006,HANNAH,64,1331
1982,JESSICA,64,1332
1999,JESSICA,64,1333
1977,KAREN,64,1334
1990,KATELYN,64,1335
1982,LISA,64,1336
1939,MARILYN,64,1337
1935,MARION,64,1338
1937,MARJORIE,64,1339
1978,MARY,64,1340
1970,NICOLE,64,1341
1970,PAMELA,64,1342
1971,PATRICIA,64,1343
1926,RUTH,64,1344
2002,SARAH,64,1345
1974,STEPHANIE,64,1346
1979,TARA,64,1347
1993,AMANDA,63,1348
1938,ANNIE,63,1349
1968,CHERYL,63,1350
1987,DANIELLE,63,1351
1931,JOYCE,63,1352
1940,JUDITH,63,1353
1920,KATHLEEN,63,1354
1993,KAYLA,63,1355
1996,KELSEY,63,1356
1972,KIMBERLEY,63,1357
1981,LAURA,63,1358
1929,LILLIAN,63,1359
1984,LISA,63,1360
2007,MADISON,63,1361
1938,MARION,63,1362
1973,MARY,63,1363
1922,MILDRED,63,1364
1927,MILDRED,63,1365
1994,MORGAN,63,1366
1925,MURIEL,63,1367
1981,NICOLE,63,1368
1995,REBECCA,63,1369
1940,RUTH,63,1370
2003,SARAH,63,1371
1988,TIFFANY,63,1372
1977,ANDREA,62,1373
1968,BRENDA,62,1374
1937,CAROL,62,1375
1971,CATHERINE,62,1376
1989,DANIELLE,62,1377
1992,DANIELLE,62,1378
1968,ELIZABETH,62,1379
1920,EVELYN,62,1380
2005,HANNAH,62,1381
1995,JENNA,62,1382
1938,JOYCE,62,1383
1926,KATHLEEN,62,1384
1930,LILLIAN,62,1385
1932,MARION,62,1386
1983,MEGAN,62,1387
1973,MELANIE,62,1388
1985,MICHELLE,62,1389
1979,NICOLE,62,1390
2012,OLIVIA,62,1391
1936,PATRICIA,62,1392
1970,SHELLEY,62,1393
1980,TANYA,62,1394
1971,TRACEY,62,1395
1938,ALICE,61,1396
1996,BRITTANY,61,1397
1969,CHERYL,61,1398
1995,COURTNEY,61,1399
2010,ELLA,61,1400
1929,FLORENCE,61,1401
1974,KAREN,61,1402
1920,LILLIAN,61,1403
1928,LILLIAN,61,1404
1984,LINDSAY,61,1405
1993,MEGAN,61,1406
2010,OLIVIA,61,1407
1976,SARAH,61,1408
1992,STEPHANIE,61,1409
1974,SUSAN,61,1410
1977,TARA,61,1411
1940,ANN,60,1412
1928,AUDREY,60,1413
2010,AVA,60,1414
1994,COURTNEY,60,1415
1993,DANIELLE,60,1416
1988,EMILY,60,1417
1977,ERIN,60,1418
1924,EVELYN,60,1419
1983,HOLLY,60,1420
1971,KIMBERLEY,60,1421
1978,LAURA,60,1422
1992,LAURA,60,1423
1931,LILLIAN,60,1424
1922,MARJORIE,60,1425
1979,MARY,60,1426
1979,MELANIE,60,1427
1928,MURIEL,60,1428
1975,NATASHA,60,1429
1978,NICOLE,60,1430
2009,OLIVIA,60,1431
1981,REBECCA,60,1432
1990,REBECCA,60,1433
1976,STEPHANIE,60,1434
1940,ALICE,59,1435
1940,BETTY,59,1436
1987,BRITTANY,59,1437
1979,CRYSTAL,59,1438
1990,DANIELLE,59,1439
1984,HEATHER,59,1440
1993,JENNA,59,1441
1972,JULIE,59,1442
1996,LAUREN,59,1443
1928,MARJORIE,59,1444
1925,MILDRED,59,1445
1995,MORGAN,59,1446
1993,NICOLE,59,1447
1995,NICOLE,59,1448
1999,OLIVIA,59,1449
1977,SHANNON,59,1450
1971,SHELLEY,59,1451
1973,SUSAN,59,1452
2004,ABIGAIL,58,1453
1924,ALICE,58,1454
1932,ALICE,58,1455
1994,AMANDA,58,1456
1935,ANNIE,58,1457
1939,ANNIE,58,1458
1938,AUDREY,58,1459
2015,AVA,58,1460
1993,CHELSEA,58,1461
1987,COURTNEY,58,1462
1988,COURTNEY,58,1463
2006,EMILY,58,1464
1996,EMMA,58,1465
2012,EMMA,58,1466
1985,ERIN,58,1467
1922,EVELYN,58,1468
1934,FRANCES,58,1469
2004,HANNAH,58,1470
1985,HOLLY,58,1471
1989,KATELYN,58,1472
1993,KATELYN,58,1473
1973,KIMBERLEY,58,1474
1976,KIMBERLY,58,1475
1976,LAURA,58,1476
1981,MARY,58,1477
2003,OLIVIA,58,1478
1975,PATRICIA,58,1479
1938,RUTH,58,1480
2001,SARAH,58,1481
1978,STEPHANIE,58,1482
1979,TANYA,58,1483
1994,TAYLOR,58,1484
1935,THERESA,58,1485
1973,TINA,58,1486
2006,ABIGAIL,57,1487
1978,ANDREA,57,1488
1981,ANDREA,57,1489
1972,DONNA,57,1490
1923,EDITH,57,1491
1925,EVELYN,57,1492
1935,FLORENCE,57,1493
2004,GRACE,57,1494
1995,HANNAH,57,1495
1986,HEATHER,57,1496
1992,JENNIFER,57,1497
2001,JESSICA,57,1498
1976,JULIE,57,1499
1924,KATHLEEN,57,1500
1972,KRISTA,57,1501
1971,NICOLE,57,1502
1986,SAMANTHA,57,1503
1997,SAMANTHA,57,1504
1971,SANDRA,57,1505
1978,SHANNON,57,1506
1978,TAMMY,57,1507
1983,TARA,57,1508
1984,TARA,57,1509
1973,TRACEY,57,1510
2005,ABIGAIL,56,1511
1928,ALICE,56,1512
1935,ALICE,56,1513
1932,BETTY,56,1514
1935,BETTY,56,1515
2019,CHARLOTTE,56,1516
1983,ELIZABETH,56,1517
1987,EMILY,56,1518
2008,EMMA,56,1519
2013,EMMA,56,1520
1986,ERIN,56,1521
1935,EVELYN,56,1522
1924,FRANCES,56,1523
1927,FRANCES,56,1524
2002,GRACE,56,1525
1987,HOLLY,56,1526
1985,JILLIAN,56,1527
1932,MARJORIE,56,1528
1982,MELANIE,56,1529
1996,MORGAN,56,1530
2020,OLIVIA,56,1531
2021,OLIVIA,56,1532
1998,REBECCA,56,1533
1934,RUTH,56,1534
1979,SHANNON,56,1535
1975,STEPHANIE,56,1536
1977,STEPHANIE,56,1537
2000,TAYLOR,56,1538
1929,AUDREY,55,1539
1992,COURTNEY,55,1540
1984,DANIELLE,55,1541
1981,HEATHER,55,1542
1983,HEATHER,55,1543
1992,KAITLYN,55,1544
1986,KATHERINE,55,1545
1975,KRISTA,55,1546
1937,MARION,55,1547
1987,MICHELLE,55,1548
1982,NATASHA,55,1549
1982,REBECCA,55,1550
1997,REBECCA,55,1551
1927,RUTH,55,1552
1933,RUTH,55,1553
1975,SARAH,55,1554
1927,ALICE,54,1555
1989,AMY,54,1556
1985,ANGELA,54,1557
1926,ANNA,54,1558
1935,ANNA,54,1559
2009,AVA,54,1560
2007,CHLOE,54,1561
1981,ELIZABETH,54,1562
1990,ERIN,54,1563
1923,FRANCES,54,1564
2009,ISABELLA,54,1565
1939,JANET,54,1566
1994,JENNA,54,1567
1989,JILLIAN,54,1568
1988,KAYLA,54,1569
1994,KAYLA,54,1570
1936,MARJORIE,54,1571
1974,MARY,54,1572
1974,MELANIE,54,1573
1981,MELANIE,54,1574
1990,MICHELLE,54,1575
2015,OLIVIA,54,1576
2016,OLIVIA,54,1577
1935,PATRICIA,54,1578
1988,REBECCA,54,1579
1935,RUTH,54,1580
1998,SAMANTHA,54,1581
2000,SAMANTHA,54,1582
2008,SOPHIE,54,1583
1979,STEPHANIE,54,1584
2001,ABIGAIL,53,1585
2008,ABIGAIL,53,1586
1923,ALICE,53,1587
1984,ANGELA,53,1588
1927,BARBARA,53,1589
1991,CHELSEA,53,1590
1985,COURTNEY,53,1591
1980,CRYSTAL,53,1592
1974,ELIZABETH,53,1593
2008,EMILY,53,1594
2010,EMMA,53,1595
2003,GRACE,53,1596
1923,JESSIE,53,1597
1984,JILLIAN,53,1598
1939,JOYCE,53,1599
1987,KAYLA,53,1600
1981,KELLY,53,1601
1995,KELSEY,53,1602
1974,KIMBERLEY,53,1603
1980,KIMBERLY,53,1604
1977,LAURA,53,1605
2010,LILY,53,1606
1985,LISA,53,1607
1986,LISA,53,1608
2000,MACKENZIE,53,1609
1929,MARJORIE,53,1610
1977,MARY,53,1611
1977,NICOLE,53,1612
2017,OLIVIA,53,1613
2006,SARAH,53,1614
1924,SHIRLEY,53,1615
1981,TARA,53,1616
1934,ALICE,52,1617
1937,ALICE,52,1618
1939,ALICE,52,1619
1996,ASHLEY,52,1620
2013,AVA,52,1621
1936,BETTY,52,1622
1985,CRYSTAL,52,1623
1986,DANIELLE,52,1624
1991,DANIELLE,52,1625
2008,ELLA,52,1626
2011,ELLA,52,1627
1933,EVELYN,52,1628
1939,FLORENCE,52,1629
2007,HANNAH,52,1630
2008,HANNAH,52,1631
2002,MACKENZIE,52,1632
1998,MADISON,52,1633
1928,MILDRED,52,1634
1986,NATASHA,52,1635
1937,ROSE,52,1636
2011,SOPHIA,52,1637
1989,TIFFANY,52,1638
2003,ABIGAIL,51,1639
2007,ABIGAIL,51,1640
1929,ALICE,51,1641
1937,ANNIE,51,1642
1933,BETTY,51,1643
1934,BETTY,51,1644
1985,BRITTANY,51,1645
1994,CHELSEA,51,1646
1995,EMMA,51,1647
1929,JOYCE,51,1648
2012,LILY,51,1649
1975,MARY,51,1650
1980,MARY,51,1651
1999,MEGAN,51,1652
1991,MICHELLE,51,1653
2004,OLIVIA,51,1654
1999,REBECCA,51,1655
1937,RUTH,51,1656
2004,SARAH,51,1657
1975,TARA,51,1658
1936,ANNA,50,1659
1936,AUDREY,50,1660
2017,CHARLOTTE,50,1661
1993,COURTNEY,50,1662
1980,ELIZABETH,50,1663
2009,ELLA,50,1664
1934,EVELYN,50,1665
1934,JUNE,50,1666
1988,KATELYN,50,1667
1924,LILLIAN,50,1668
1934,MARJORIE,50,1669
1936,ROSE,50,1670
2012,SOPHIA,50,1671
2009,SOPHIE,50,1672
1993,STEPHANIE,50,1673
2010,ABIGAIL,49,1674
1993,JENNIFER,49,1675
1994,JENNIFER,49,1676
2001,JULIA,49,1677
2000,LAUREN,49,1678
2004,LAUREN,49,1679
2001,TAYLOR,49,1680
2009,ABIGAIL,48,1681
1987,ALICIA,48,1682
2012,AVA,48,1683
2015,EMMA,48,1684
2002,JESSICA,48,1685
1995,LAURA,48,1686
1987,LINDSAY,48,1687
2008,MADISON,48,1688
1996,MEGAN,48,1689
1998,MEGAN,48,1690
1996,NICOLE,48,1691
2014,OLIVIA,48,1692
2010,SOPHIE,48,1693
1998,COURTNEY,47,1694
1994,DANIELLE,47,1695
2010,EMILY,47,1696
2013,EMILY,47,1697
1988,ERIN,47,1698
2005,GRACE,47,1699
1994,LAURA,47,1700
2009,LILY,47,1701
2000,OLIVIA,47,1702
1999,SAMANTHA,47,1703
2005,SARAH,47,1704
2012,SOPHIE,47,1705
1980,STEPHANIE,47,1706
2002,ABIGAIL,46,1707
2007,ELLA,46,1708
2009,EMILY,46,1709
2001,LAUREN,46,1710
1997,MORGAN,46,1711
2019,OLIVIA,46,1712
2008,SOPHIA,46,1713
1995,AMANDA,45,1714
2014,AVA,45,1715
2004,ELLA,45,1716
2000,JENNA,45,1717
1995,KAYLA,45,1718
1996,KAYLA,45,1719
1997,KELSEY,45,1720
2008,LILY,45,1721
2001,MEGAN,45,1722
1998,MORGAN,45,1723
2000,REBECCA,45,1724
2005,AVA,44,1725
2020,CHARLOTTE,44,1726
1997,COURTNEY,44,1727
1995,DANIELLE,44,1728
2001,GRACE,44,1729
1996,JENNA,44,1730
2003,LAUREN,44,1731
2013,LILY,44,1732
1996,MADISON,44,1733
1999,MORGAN,44,1734
2018,OLIVIA,44,1735
2003,PAIGE,44,1736
2014,SADIE,44,1737
2007,SOPHIA,44,1738
1998,VICTORIA,44,1739
2019,AMELIA,43,1740
2013,CHARLOTTE,43,1741
2009,HANNAH,43,1742
1999,JULIA,43,1743
1999,LAUREN,43,1744
1999,MACKENZIE,43,1745
2009,MADISON,43,1746
2000,MEGAN,43,1747
2013,SOPHIA,43,1748
1997,VICTORIA,43,1749
2022,VIOLET,43,1750
2008,BROOKLYN,42,1751
2022,CHARLOTTE,42,1752
2011,CHLOE,42,1753
2006,ELLA,42,1754
2007,GRACE,42,1755
1998,KAYLA,42,1756
2005,LAUREN,42,1757
2011,MADISON,42,1758
2014,SOPHIA,42,1759
2018,SOPHIA,42,1760
2011,SOPHIE,42,1761
2014,ABIGAIL,41,1762
2021,AVA,41,1763
1996,BRIANNA,41,1764
2015,CHARLOTTE,41,1765
2002,CHLOE,41,1766
2010,CHLOE,41,1767
2012,EMILY,41,1768
2016,EMMA,41,1769
1997,JENNA,41,1770
2001,JENNA,41,1771
1997,JULIA,41,1772
2015,SADIE,41,1773
2002,TAYLOR,41,1774
2012,ABIGAIL,40,1775
2016,ABIGAIL,40,1776
2010,ALEXIS,40,1777
1998,BRIANNA,40,1778
2014,ELLA,40,1779
2019,EMMA,40,1780
2010,ISABELLA,40,1781
2002,JENNA,40,1782
2014,LILY,40,1783
2010,MADISON,40,1784
1997,BRITTANY,39,1785
2010,BROOKLYN,39,1786
2018,CHARLOTTE,39,1787
2006,CHLOE,39,1788
2018,EMMA,39,1789
2022,EMMA,39,1790
1997,HALEY,39,1791
2003,HALEY,39,1792
2003,JULIA,39,1793
1998,KELSEY,39,1794
1998,LAURA,39,1795
2011,LILY,39,1796
2001,MACKENZIE,39,1797
2003,MACKENZIE,39,1798
2004,MACKENZIE,39,1799
2009,SOPHIA,39,1800
2011,ABIGAIL,38,1801
2009,ALEXIS,38,1802
1999,ALYSSA,38,1803
2016,AVA,38,1804
2017,AVA,38,1805
2008,BROOKE,38,1806
2014,BROOKLYN,38,1807
2003,CHLOE,38,1808
2005,CHLOE,38,1809
2000,HAILEY,38,1810
1999,HALEY,38,1811
2000,HALEY,38,1812
2001,HALEY,38,1813
2000,MORGAN,38,1814
2022,OLIVIA,38,1815
2003,SAMANTHA,38,1816
2017,SCARLETT,38,1817
2017,SOPHIA,38,1818
2020,AVA,37,1819
2014,CHLOE,37,1820
2005,ELLA,37,1821
2013,ELLA,37,1822
2021,ELLIE,37,1823
1998,HALEY,37,1824
2020,IVY,37,1825
1999,JENNA,37,1826
1997,KAYLA,37,1827
1997,LAUREN,37,1828
2002,LAUREN,37,1829
2006,LILY,37,1830
1998,OLIVIA,37,1831
2010,SOPHIA,37,1832
1999,BRIANNA,36,1833
2004,BROOKLYN,36,1834
2010,CHARLOTTE,36,1835
2016,CHARLOTTE,36,1836
2012,CHLOE,36,1837
2013,CHLOE,36,1838
2006,GRACE,36,1839
2011,ISABELLA,36,1840
2008,LAUREN,36,1841
1997,OLIVIA,36,1842
2013,SADIE,36,1843
2001,SAMANTHA,36,1844
2008,SARAH,36,1845
2007,SOPHIE,36,1846
2015,ABIGAIL,35,1847
2017,ABIGAIL,35,1848
2018,AMELIA,35,1849
2004,ANNA,35,1850
2007,BROOKE,35,1851
2004,CHLOE,35,1852
2008,CHLOE,35,1853
2012,ELLA,35,1854
2017,EMMA,35,1855
2012,ISABELLA,35,1856
2021,ISLA,35,1857
2003,JESSICA,35,1858
2000,JULIA,35,1859
1998,MACKENZIE,35,1860
1999,VICTORIA,35,1861
2016,VIOLET,35,1862
2013,AMELIA,34,1863
2009,BROOKLYN,34,1864
2009,CHLOE,34,1865
2017,EVELYN,34,1866
2002,MEGAN,34,1867
2002,SAMANTHA,34,1868
2007,SARAH,34,1869
2003,TAYLOR,34,1870
2004,TAYLOR,34,1871
2019,ABIGAIL,33,1872
2000,ALYSSA,33,1873
2001,ALYSSA,33,1874
2016,AMELIA,33,1875
2021,AMELIA,33,1876
2022,AMELIA,33,1877
2018,AVA,33,1878
2000,BRIANNA,33,1879
2003,BROOKE,33,1880
2014,CHARLOTTE,33,1881
2011,EMILY,33,1882
2015,EMILY,33,1883
2004,HAILEY,33,1884
2021,IVY,33,1885
2004,JULIA,33,1886
2020,NORA,33,1887
2017,AMELIA,32,1888
2006,BROOKE,32,1889
2007,BROOKLYN,32,1890
2022,ELLIE,32,1891
2014,EMILY,32,1892
2004,HALEY,32,1893
2018,ISLA,32,1894
2019,ISLA,32,1895
2015,SCARLETT,32,1896
2015,SOPHIA,32,1897
2019,VIOLET,32,1898
2018,ABIGAIL,31,1899
2010,ADDISON,31,1900
2012,CHARLOTTE,31,1901
2003,ELLA,31,1902
2017,ELLA,31,1903
2019,ELLA,31,1904
2021,EVELYN,31,1905
2007,HAILEY,31,1906
2003,JENNA,31,1907
2004,JENNA,31,1908
2003,REBECCA,31,1909
2006,SOPHIA,31,1910
2016,SOPHIA,31,1911
2021,VIOLET,31,1912
2009,ADDISON,30,1913
2011,ADDISON,30,1914
2008,ALEXIS,30,1915
2015,AMELIA,30,1916
2020,AMELIA,30,1917
2019,AVA,30,1918
2001,BRIANNA,30,1919
2011,BROOKLYN,30,1920
2011,CLAIRE,30,1921
2016,CLAIRE,30,1922
2017,HANNAH,30,1923
2007,JULIA,30,1924
2017,LILY,30,1925
2013,MADISON,30,1926
2008,PAIGE,30,1927
2004,REBECCA,30,1928
2019,SADIE,30,1929
2022,SADIE,30,1930
2004,SAMANTHA,30,1931
2002,SOPHIE,30,1932
2016,SOPHIE,30,1933
2011,ALEXIS,29,1934
2012,BROOKLYN,29,1935
2021,CHARLOTTE,29,1936
2017,CLAIRE,29,1937
2018,EVELYN,29,1938
2002,HAILEY,29,1939
2021,HARPER,29,1940
2022,HARPER,29,1941
2013,ISLA,29,1942
2016,ISLA,29,1943
2001,KAITLYN,29,1944
2014,PEYTON,29,1945
2020,SOPHIA,29,1946
2014,AMELIA,28,1947
2007,ANNA,28,1948
2009,ANNA,28,1949
2015,AUDREY,28,1950
2014,CLAIRE,28,1951
2016,EVELYN,28,1952
2020,EVELYN,28,1953
2006,FAITH,28,1954
2009,GRACE,28,1955
2010,HANNAH,28,1956
2014,ISABELLA,28,1957
2019,ISABELLA,28,1958
2020,ISLA,28,1959
2005,JULIA,28,1960
2008,JULIA,28,1961
2009,JULIA,28,1962
2022,LILY,28,1963
2015,MADISON,28,1964
2018,MIA,28,1965
2002,MORGAN,28,1966
2011,MYA,28,1967
2010,NEVAEH,28,1968
2021,NORA,28,1969
2010,PEYTON,28,1970
2018,SADIE,28,1971
2018,SCARLETT,28,1972
2006,SOPHIE,28,1973
2018,SOPHIE,28,1974
2019,SOPHIE,28,1975
2020,SOPHIE,28,1976
2008,TAYLOR,28,1977
2013,ADDISON,27,1978
2014,ALEXIS,27,1979
2002,ALYSSA,27,1980
2007,ALYSSA,27,1981
2012,AVERY,27,1982
2014,AVERY,27,1983
2017,AVERY,27,1984
2005,BROOKE,27,1985
2015,CHLOE,27,1986
2017,CHLOE,27,1987
2021,ELLA,27,1988
2016,ELLIE,27,1989
2005,HAILEY,27,1990
2021,HANNAH,27,1991
2022,ISLA,27,1992
2007,JENNA,27,1993
2007,LAUREN,27,1994
2012,LEAH,27,1995
2005,LILY,27,1996
2016,LILY,27,1997
2019,LILY,27,1998
2020,LILY,27,1999
2002,MAKAYLA,27,2000
2022,NORA,27,2001
2002,RACHEL,27,2002
2002,REBECCA,27,2003
2010,SARAH,27,2004
2019,SCARLETT,27,2005
2019,SOPHIA,27,2006
2017,ZOEY,27,2007
2022,ABIGAIL,26,2008
2018,ANNA,26,2009
2005,BROOKLYN,26,2010
2011,CHARLOTTE,26,2011
2006,ELIZABETH,26,2012
2016,EMILY,26,2013
2012,HANNAH,26,2014
2014,HANNAH,26,2015
2022,IVY,26,2016
2005,MACKENZIE,26,2017
2016,MADISON,26,2018
2014,NORA,26,2019
2015,NORA,26,2020
2005,SAMANTHA,26,2021
2014,SARAH,26,2022
2016,SCARLETT,26,2023
2020,SCARLETT,26,2024
2005,SOPHIE,26,2025
2013,SOPHIE,26,2026
2015,SOPHIE,26,2027
2020,VIOLET,26,2028
2013,ABIGAIL,25,2029
2012,ALEXIS,25,2030
2015,ALEXIS,25,2031
2021,AVERY,25,2032
2009,CHARLOTTE,25,2033
2018,ELLA,25,2034
2015,ELLIE,25,2035
2017,EMILY,25,2036
2020,EMMA,25,2037
2013,HANNAH,25,2038
2016,ISABELLA,25,2039
2017,ISABELLA,25,2040
2019,IVY,25,2041
2006,JULIA,25,2042
2012,SADIE,25,2043
2017,SADIE,25,2044
2012,ADDISON,24,2045
2015,ADDISON,24,2046
2006,BROOKLYN,24,2047
2013,BROOKLYN,24,2048
2015,BROOKLYN,24,2049
2016,CHLOE,24,2050
2013,CLAIRE,24,2051
2015,ELLA,24,2052
2017,ELLIE,24,2053
2018,ELLIE,24,2054
2021,EMMA,24,2055
2011,GRACE,24,2056
2013,GRACE,24,2057
2015,GRACE,24,2058
2020,HARPER,24,2059
2015,LILY,24,2060
2012,MADISON,24,2061
2015,PEYTON,24,2062
2006,RACHEL,24,2063
2022,SOPHIE,24,2064
2011,AMELIA,23,2065
2019,CHLOE,23,2066
2019,CLAIRE,23,2067
2020,ELLA,23,2068
2022,ELLA,23,2069
2018,EMILY,23,2070
2022,EVELYN,23,2071
2011,HAILEY,23,2072
2011,HANNAH,23,2073
2018,HANNAH,23,2074
2020,HANNAH,23,2075
2022,ISABELLE,23,2076
2018,LILY,23,2077
2019,LUCY,23,2078
2022,SCARLETT,23,2079
2021,SOPHIA,23,2080
2018,ADDISON,22,2081
2021,AURORA,22,2082
2022,AVERY,22,2083
2016,BROOKLYN,22,2084
2016,ELLA,22,2085
2021,ISABELLA,22,2086
2016,IVY,22,2087
2018,LUCY,22,2088
2019,NORA,22,2089
2020,ABIGAIL,21,2090
2020,AVERY,21,2091
2021,ELEANOR,21,2092
2021,EVERLY,21,2093
2022,EVERLY,21,2094
2020,GRACE,21,2095
2021,KINSLEY,21,2096
2021,LILY,21,2097
2021,SADIE,21,2098
2021,WILLOW,21,2099
